App_ID,App_Date,Applicant_Name,State,Employment_Length,Annual_Income,Loan_Amount,Loan_Term_Months,Interest_Rate,Purpose,Credit_Score,Current_Debt,Status,DTI_Ratio
LN-8258,2025-06-07,Andrew Dean,,Unemployed,,31741,24,,Home Improvement,789,39517,Approved,0.8333930868675792
LN-2167,,Jennifer Martin,MN,Unemployed,,21535,12,,Education,803,6196,Rejected,1.0205896886839072
LN-6126,2025-03-11,Jenna Cook,MI,< 1 year,116310,34042,60,,Business,768,43268,Pending,0.3720058464448457
LN-3867,2025-04-15,Cassidy Marquez,TN,,133001,34735,,31.39,Business,862,37727,Rejected,0.2836595213569823
LN-5684,2025-07-10,,LA,Unemployed,20689,35060,999,,Education,633,43144,,2.085359369713374
LN-3572,2025-02-01,Beverly Wheeler,SD,< 1 year,,46197,36,6.2,,442,12215,Approved,
LN-3429,2025-05-28,Angela Friedman,TX,Unemployed,,8080,24,34.41,Home Improvement,364,5746,Approved,0.04318157906602738
LN-1429,2025-04-19,Daniel Price,CO,Unemployed,9244,1673,999,9.04,,742,22087,Rejected,2.3893336218087406
,2025-02-13,Jeremy Smith,AL,10+ years,0,9975,,31.84,Education,,11036,,inf
LN-7332,2025-06-14,Susan Johnson,NJ,10+ years,0,36023,24,16.71,Car,330,49039,Approved,inf
LN-8399,2025-08-30,Kristen Adams,MO,Unemployed,108835,29813,24,29.58,Home Improvement,545,23606,Pending,
LN-3485,2025-06-08,Jeffrey Clark,,1-3 years,24538,21419,,8.58,Education,492,11975,Approved,0.48801858342163174
LN-6412,2025-07-23,Becky Young,UT,Unemployed,10338,20678,,28.02,Debt Consolidation,553,11792,Approved,1.1406461597988005
LN-7347,2025-10-26,Todd Delgado,CT,< 1 year,5501,34701,999,26.85,Home Improvement,805,31754,Pending,5.7724050172695875
LN-3381,2025-05-19,Denise Harris,GU,< 1 year,134684,33589,,23.96,Debt Consolidation,471,48534,,0.36035460782275547
LN-6549,2025-09-13,Megan Murray,TX,Unemployed,148408,28152,36,5.73,,725,11868,Approved,
LN-7694,2025-06-26,Nicole Cole,ND,1-3 years,117037,16848,12,16.22,Car,802,47528,,0.406093799396772
LN-5919,,Tyler Wall,CT,,25649,31790,36,25.73,Debt Consolidation,427,45901,,1.7895824398612032
LN-3158,2025-09-19,Brandon Page,WA,Unemployed,,46497,60,-5.0,Debt Consolidation,491,18137,Approved,0.8106646404147857
,2025-02-26,Jay Lynch,PR,1-3 years,38813,2815,60,18.17,Education,900,23826,Pending,0.6138664880323603
LN-3125,2025-09-20,Patrick Chang,GU,Unemployed,138777,25663,360,21.76,Business,557,48959,Approved,0.35278900682389736
LN-7831,2025-04-02,Randy Moore,AR,10+ years,17887,4463,,19.39,Business,875,8350,Rejected,0.4668194778330631
LN-5989,,Michael Thompson,SD,10+ years,120637,8229,12,34.8,,,31203,Approved,0.25865198902492603
LN-9132,2025-03-21,,MD,< 1 year,,30003,12,10.34,Home Improvement,397,,Rejected,0.39029367800145004
,2025-11-19,Kimberly Miller,CT,4-7 years,102923,36201,60,,Business,725,44969,Approved,0.43691886167328975
LN-3248,2025-06-16,William Young,VA,1-3 years,125420,10110,60,22.13,Debt Consolidation,636,16996,Rejected,0.1355126774039228
LN-3877,2025-11-24,Luis Jenkins,NC,< 1 year,48780,39734,999,5.68,Home Improvement,,10432,Pending,0.2138581385813858
LN-3354,2025-07-22,Philip Watts,AZ,4-7 years,145801,10682,36,11.25,Home Improvement,567,43160,Approved,0.2960199175588645
LN-4553,2025-08-18,Elizabeth Campbell,MS,< 1 year,79007,18889,360,15.94,Car,686,,,0.6162871644284683
LN-8270,2025-10-26,Ryan Scott,VA,10+ years,136141,39534,24,30.79,Home Improvement,778,44528,Rejected,0.3270726673081584
LN-4296,2025-07-28,Michael Rosario,NJ,,42783,44258,,19.83,,901,10007,Rejected,0.23390131594324848
LN-4285,2025-04-02,Alyssa Gonzalez,MA,10+ years,32654,15803,36,21.25,Business,850,42618,Approved,1.3051387272615913
LN-6460,2025-11-25,Darin Simmons,NE,Unemployed,111449,42644,36,30.64,Education,924,39069,Pending,0.3505549623594649
LN-8514,2025-09-20,Melissa Gibson,WY,4-7 years,,28833,60,14.22,Car,699,37746,,0.655813468621864
LN-7719,2025-11-22,Mr. Jesse Morgan,WV,1-3 years,127006,24337,,30.2,Home Improvement,683,25011,Pending,0.19692770420295105
LN-6201,2025-09-27,Kristina Ellis MD,UT,< 1 year,146981,TBD,60,30.42,Car,677,4001,Pending,0.027221205461930454
LN-9883,2025-07-10,Johnathan Morgan,NE,4-7 years,,9435,24,,Debt Consolidation,327,8171,Approved,1.285759244689221
LN-8449,2025-08-05,James Barton,WV,4-7 years,31339,20044,60,24.26,Debt Consolidation,796,7581,Rejected,0.24190306008487827
LN-9212,2025-08-22,Crystal Davis,DE,< 1 year,136485,,24,12.17,Debt Consolidation,887,7224,Pending,0.052928893284976374
LN-5445,2025-02-11,Scott Brown,NJ,Unemployed,0,45921,60,7.54,Car,727,22570,Approved,inf
,2025-05-02,Luke Burke,,10+ years,,6006,360,17.29,Education,690,37164,Rejected,0.7081419942455365
LN-8680,2025-06-05,Maria Miller,,4-7 years,89002,6949,60,20.51,Home Improvement,506,26114,Approved,0.2934091368733287
LN-6323,2025-10-14,Alexander Castillo,VI,10+ years,55215,19471,36,11.86,Education,927,29616,Approved,0.5363759847867428
LN-9797,2025-06-15,Heather Silva,CO,10+ years,74052,9401,999,19.37,Home Improvement,636,25628,Rejected,0.34608113217738884
LN-7343,2025-11-23,Alexis Fox,ID,10+ years,49554,9600,360,22.77,Debt Consolidation,700,12165,Pending,0.24548976873713524
LN-1067,2025-11-19,Tom Butler,SD,10+ years,111805,24811,24,33.64,Education,,25994,Pending,0.23249407450471804
LN-4166,2025-04-19,Patrick Ford,UT,10+ years,68558,33809,24,18.36,Car,838,29944,Pending,0.4367688672365005
LN-4026,,,WI,10+ years,121984,44750,12,21.52,Education,617,49604,Pending,0.4066434942287513
LN-8907,2025-10-10,,WY,,129162,25755,12,20.89,Education,502,,Rejected,0.04872950248525108
LN-1643 ,2025-07-21,Miranda Myers,AL,4-7 years,6593,15042,360,11.68,,522,39764,Approved,6.031245260124375
LN-2936,2025-08-27,Timothy Foley,TX,4-7 years,121941,,,4.05,Education,625,17920,Pending,0.1469563149391919
LN-6299,2025-05-27,Danielle Mullins,HI,Unemployed,115398,21447,360,4.02,Education,310,19749,Pending,
LN-4401,2025-10-25,Donald Davis,NE,10+ years,113596,19277,24,33.17,Education,314,16979,,0.14946829113701188
LN-4783,2025-10-05,Edwin Owen,VT,1-3 years,32995,9112,12,,Home Improvement,462,28144,Rejected,0.8529777238975602
LN-5770,2025-03-20,Johnathan Leon,MT,,106594,21596,60,22.19,Business,677,5332,Pending,0.050021577199467135
LN-6095,2025-01-26,Samuel Johnson,WY,4-7 years,142071,29573,60,31.43,Education,751,32022,Approved,0.22539434508098063
LN-6119,2025-09-08,Jeanne James,DE,10+ years,106105,18377,12,,Home Improvement,690,45337,Pending,0.4272842938598558
LN-8794 ,,Patrick Smith,PA,4-7 years,87461,43194,12,15.8,,506,48234,Pending,
LN-8227,2025-01-11,Steven Clark,OK,Unemployed,12331,7208,999,6.41,Business,774,24072,Rejected,1.9521531100478469
LN-5532,,Adam Murphy,,,119416,7026,12,8.66,Car,479,41440,Rejected,0.34702217458297047
LN-3459,2025-08-04,Peter Pugh,CA,1-3 years,129935,10395,24,18.94,Debt Consolidation,472,,Pending,0.11114788163312425
LN-5797 ,2025-09-13,Amanda Hess,PA,< 1 year,71852,,,28.12,Home Improvement,711,8277,Pending,
LN-3215,2025-02-16,Jessica Lopez,SC,,25425,TBD,60,2.95,,836,44092,Pending,1.7341986234021631
LN-7783 ,2025-09-04,Ryan Russell,WA,< 1 year,69549,26498,360,34.45,Education,899,32441,Approved,0.46644811571697653
LN-7147,2025-04-08,Heather Hester,,1-3 years,143172,17227,60,17.88,Car,922,19927,Approved,0.13918224233788729
LN-1100,2025-11-09,Jeremy Martinez,LA,1-3 years,145608,11243,60,,Education,738,11732,Rejected,0.08057249601670238
LN-8304,,Dakota Wright,FL,,42021,33715,12,13.04,Car,746,26563,,0.6321363127959829
LN-2426,,Kathryn Hopkins,PR,1-3 years,51543,33568,12,23.49,Car,,45087,Pending,0.8747453582445724
LN-6118,2025-03-11,Jonathan James,AR,1-3 years,,49788,60,-5.0,,332,19210,Pending,0.31544549903116686
LN-5958,2025-09-14,Lauren Burns,KS,< 1 year,80555,31206,12,7.12,Car,428,42679,Pending,0.5298119297374465
LN-1312 ,2025-05-18,Richard Thomas,DC,1-3 years,0,24758,12,,Debt Consolidation,,49068,Pending,inf
LN-3024,2025-10-02,Mercedes Russo,,,-4643,45507,24,,Home Improvement,548,15948,Approved,-3.4348481585181996
LN-9027 ,2025-10-08,Kenneth Rodriguez,NM,4-7 years,104782,37612,,5.16,Home Improvement,881,11560,Rejected,0.11032429234028746
LN-8940,2025-10-23,Tanya Hardin,AL,10+ years,0,34958,999,29.85,Debt Consolidation,309,32225,Approved,inf
LN-5904,,,NH,,115072,41970,36,32.76,Home Improvement,724,45637,Pending,0.39659517519466075
LN-1587,2025-04-29,Tiffany Adams,NH,1-3 years,38192,40622,24,32.05,Car,738,,Rejected,0.10617406786761625
LN-8888,2025-11-08,John Oliver,DC,4-7 years,136522,2844,24,14.5,Car,543,22826,Rejected,0.16719649580287427
LN-2111 ,2025-04-13,Alexander Robles,UT,< 1 year,37271,36349,360,11.75,Debt Consolidation,321,48015,Rejected,1.288267017252019
LN-5496,2025-06-13,Dr. Christy Pittman MD,,10+ years,119231,14233,12,27.9,,517,38717,,0.324722597311102
LN-3580 ,2025-05-01,Dakota Ritter,MD,< 1 year,-3265,5408,36,28.07,Debt Consolidation,684,5415,Approved,-1.6584992343032159
LN-3806 ,2025-11-03,Pedro Gordon,WI,1-3 years,123604,36386,24,12.81,Education,683,48847,Pending,0.3951894760687356
LN-2854,2025-06-17,,NY,< 1 year,57668,8583,36,22.57,Business,690,46967,Rejected,0.8144378164666712
LN-7445,2025-01-16,Micheal Saunders,ME,Unemployed,,41201,60,18.86,Business,332,24553,,
LN-6572,2025-03-19,Jonathan Payne,IN,10+ years,78298,38521,24,25.9,Car,920,,Pending,0.04390916753940075
LN-4110 ,2025-06-30,John Thompson,UT,< 1 year,3813,8395,36,8.98,Business,424,40146,Rejected,10.528717545239969
LN-8577,2025-05-15,Donna Cordova,MP,< 1 year,1533,23863,60,11.07,Home Improvement,584,34592,Pending,22.564905414220483
LN-7775,2025-11-28,Mike Perry,IL,10+ years,37415,49245,24,14.05,Car,338,5707,Rejected,0.1525324067887211
LN-4004 ,2025-10-29,Alexis Smith,NY,Unemployed,147477,,360,20.53,Business,560,45561,Pending,0.308936308712545
LN-6395,2025-01-05,Megan Anderson,,1-3 years,82633,8772,999,,Education,917,5616,Approved,0.06796316241695206
LN-1352,2025-07-12,Thomas Garcia,MO,Unemployed,0,7712,12,16.31,Car,713,27318,Approved,inf
LN-7780,2025-10-01,Bianca Lopez,MH,4-7 years,,23124,24,7.48,Business,371,9491,Approved,6.327333333333334
LN-3446,2025-05-02,Renee Bennett,IA,< 1 year,119232,24020,24,,Business,852,49300,Pending,
LN-1745,,Joseph Simpson,,Unemployed,114518,,60,28.68,Home Improvement,759,19103,Pending,0.16681220419497372
LN-6084,2025-02-27,Michael Wright,,Unemployed,89650,7557,36,18.9,Car,592,42604,Pending,0.47522587841606245
LN-8503,2025-02-22,Tammy Cook,NM,< 1 year,0,11684,60,6.0,Car,,,Pending,inf
LN-2631,2025-06-08,Melinda Nichols,ID,,0,1845,36,6.65,Debt Consolidation,431,,Approved,inf
LN-7773,,Casey James,UT,1-3 years,73924,32810,999,13.92,Home Improvement,411,43133,,0.5834776256696066
LN-8709 ,2025-10-13,,AS,< 1 year,26348,,999,15.74,Business,946,49381,Rejected,1.8741839987854865
,2025-11-11,Lindsey Garcia,MN,1-3 years,141404,19892,999,14.1,Business,512,19258,Pending,
LN-5421,2025-02-17,,,10+ years,104634,38370,36,4.56,Debt Consolidation,773,1682,Approved,
LN-5590,2025-03-29,Danny Harris DVM,NE,< 1 year,8911,32425,360,33.92,Education,847,3865,Rejected,0.4337335877005948
LN-9904,2025-04-21,Jacob Roberts,IL,1-3 years,120434,19252,24,26.99,,353,42204,Pending,0.35043260208911103
LN-4323,,,WV,1-3 years,141999,39991,,,Debt Consolidation,348,5927,Approved,0.04173973056148283
LN-2914,2025-10-24,Matthew Dyer,NE,,5506,,24,22.05,Home Improvement,752,9015,Pending,1.6373047584453324
,2025-11-18,Thomas Cole,MD,4-7 years,63036,,12,24.44,Home Improvement,766,,Approved,0.18782917697823465
LN-9952,2025-05-29,Dakota Montes,,Unemployed,-825,19586,12,9.78,Home Improvement,708,2080,Pending,-2.521212121212121
LN-5641,2025-01-12,,NE,10+ years,70881,29371,360,15.99,Education,313,17938,Rejected,0.25307205033789026
,2025-09-25,Amber Allen,CT,10+ years,15171,12737,24,12.39,Education,854,110,Pending,
LN-2063,2025-06-28,,AK,Unemployed,,6014,36,20.19,,315,44518,Pending,46.959915611814345
LN-1306,2025-11-09,Gabriela Evans,NV,1-3 years,-3875,7379,60,29.27,Business,534,35914,Pending,-9.268129032258065
LN-5792 ,2025-05-28,Jacob Parker,VT,10+ years,0,,24,11.95,Home Improvement,871,13731,Rejected,inf
LN-7457,2025-05-29,Ryan Reynolds,GU,Unemployed,68182,47383,999,29.88,Education,693,12316,Pending,0.18063418497550673
LN-7038,2025-01-08,Phillip Pearson,VA,,125109,20841,24,32.41,Debt Consolidation,408,25437,Rejected,0.203318706088291
LN-6071,,Ashley Black,TX,4-7 years,5714,12057,24,16.77,Education,,,Pending,7.632481624081204
LN-4695,2025-08-04,Deborah Francis,KS,1-3 years,45782,23820,999,30.82,Car,695,49146,Approved,1.0734786597352672
LN-8268,2025-03-10,,DC,Unemployed,124525,17466,12,,Business,682,31731,Approved,0.2548163019474001
LN-7440,2025-05-03,Dustin Jackson,GU,10+ years,74911,40347,24,13.56,Car,706,32632,Rejected,0.4356102575055733
LN-4384,2025-09-09,Sarah Perry,AR,< 1 year,116141,23761,999,,Car,439,14741,Pending,0.12692330873679408
LN-8400,2025-01-07,Justin Romero,ID,Unemployed,29789,6390,24,3.54,Home Improvement,327,9382,Rejected,0.31494847091208167
LN-6415 ,2025-02-06,John Patterson,OK,4-7 years,4093,41431,60,29.42,Business,603,35909,Approved,8.773271439042267
LN-6793,2025-09-15,Melissa Owens,TN,1-3 years,81843,24420,999,25.61,Education,548,8578,Rejected,0.10481042972520557
LN-7262,2025-11-29,Angelica Harrison,NY,10+ years,,40167,24,5.96,Car,762,28883,Approved,0.7831616052060738
LN-2870,2025-07-10,Stephanie Bishop,,4-7 years,95893,12750,24,5.94,Education,443,11169,Pending,0.1164735694993378
LN-4070 ,2025-09-18,Brian Decker,CT,4-7 years,120562,39832,12,,Home Improvement,487,37824,Pending,0.3137306945803819
LN-8046,2025-02-25,Clifford Harrison,VT,10+ years,13575,TBD,,6.14,Business,371,49842,Rejected,3.6716022099447514
LN-3224,2025-08-08,Beth Hicks,AZ,< 1 year,112552,5025,12,17.0,Business,338,31026,Approved,0.2756592508351695
LN-7921 ,2025-07-30,Patricia Carrillo,,Unemployed,58048,24674,999,3.09,Car,,48121,Pending,0.8289863561190739
LN-3643,2025-05-02,Catherine Reeves,VI,1-3 years,97415,33645,999,15.57,,494,24916,Rejected,0.2557716984037366
LN-9869,2025-06-20,Isaac Jordan,NJ,4-7 years,41107,15848,12,-5.0,Home Improvement,695,1944,Rejected,0.04729121560804729
LN-6118,2025-03-11,Jonathan James,AR,1-3 years,,49788,60,-5.0,,332,19210,Pending,0.31544549903116686
LN-2735,2025-10-31,Caroline Powers,CT,< 1 year,35376,12835,12,22.47,Home Improvement,718,8207,Rejected,0.2319934418815016
LN-9529,2025-04-22,Laura Lloyd DVM,KS,4-7 years,37936,19832,999,25.49,Home Improvement,,24600,Pending,0.6484605651623787
LN-1601 ,2025-05-15,Matthew Schmidt,MD,4-7 years,134435,33069,999,27.17,Debt Consolidation,471,22297,Approved,0.1658571056644475
LN-2865,2025-03-29,Sydney Bennett,PA,< 1 year,28154,34206,36,10.55,,549,31949,Pending,1.1347943453860907
LN-6289,2025-03-07,,MO,< 1 year,33785,11009,36,19.65,Business,,,Rejected,0.3682699422820778
LN-7783,2025-03-19,Frank Johnson,KS,< 1 year,20706,34651,999,17.56,Car,,34231,Approved,1.6531923114073215
LN-2767,2025-11-21,Karen Sanchez,MA,,0,46111,999,22.96,Business,,17630,Approved,inf
LN-9301,2025-08-11,Kelly Young,VA,10+ years,5787,32189,24,24.35,Home Improvement,616,48216,Rejected,8.331778123379989
,2025-07-13,Charles Wright,IN,1-3 years,88688,22372,12,18.29,Home Improvement,444,12822,Pending,0.14457423777737688
,,,KS,1-3 years,43482,13372,60,32.62,Education,369,43426,Rejected,
LN-9514,2025-05-11,Lori Stokes,,< 1 year,115063,31124,12,27.66,Debt Consolidation,914,46069,Rejected,0.4003806610291753
LN-3727,2025-04-12,Katelyn Chaney,NE,,124836,,24,4.03,Debt Consolidation,761,,Rejected,0.05273318593995322
LN-3319,2025-02-22,Mary Jones,MS,< 1 year,95078,20654,999,16.7,Business,304,31424,Rejected,0.33050758324743895
,2025-11-09,Rebecca Harris,AS,Unemployed,133834,16475,999,17.6,Education,737,49353,Rejected,0.3687627957021385
LN-3932,2025-08-22,Kyle Williams,MD,< 1 year,104355,,12,15.92,Car,498,12116,Approved,0.11610368453835465
LN-9740,2025-09-13,Amanda Hunt,NM,Unemployed,,18559,36,26.94,Debt Consolidation,950,35154,,0.519491650657603
LN-8201,2025-04-25,Katherine Young,NC,,134230,,,5.78,Debt Consolidation,,22828,Pending,0.1700663041048946
LN-5372,2025-10-25,Matthew Best,SD,1-3 years,109259,7324,360,21.01,Car,786,39608,Approved,0.36251475850959647
LN-8197,2025-01-12,Anita Taylor,FM,10+ years,146551,47911,60,25.17,Debt Consolidation,604,16288,Rejected,0.11114219623202844
LN-6119,2025-06-08,Adrian Hoover,LA,,59159,44306,24,29.4,Debt Consolidation,656,1294,Pending,0.021873256816376207
LN-3489,2025-04-01,Rebecca Anderson,MP,4-7 years,52845,17581,60,25.33,Debt Consolidation,698,49896,,0.9441952881067273
LN-7646 ,2025-10-16,Craig Coleman,FL,10+ years,129707,,12,11.9,Car,609,5545,Approved,0.042750198524366456
LN-4726,2025-11-23,James Henderson,NM,4-7 years,9163,23416,12,,Education,395,40922,Rejected,4.466004583651642
LN-7987,2025-05-23,Michelle Pacheco,UT,10+ years,,2884,999,-5.0,Car,481,,Rejected,0.04800543388467681
LN-2522,2025-10-09,,PA,< 1 year,,,12,15.01,Debt Consolidation,734,34006,Approved,0.2308277107288796
LN-4796,2025-07-14,Mark Price,GU,1-3 years,92832,24873,360,10.1,Business,328,49347,Rejected,0.53157316442606
LN-9582,2025-10-05,Patricia Ibarra,VI,1-3 years,72749,45046,,29.27,Education,474,5861,Pending,0.08056468130146119
LN-1482,2025-06-22,,WV,< 1 year,67463,2138,12,11.11,Home Improvement,365,13168,Approved,0.19518847368187006
LN-3378,2025-06-03,John Wilson,TX,,56682,TBD,360,3.02,Home Improvement,765,6606,Pending,0.11654493489996824
LN-6826,2025-01-25,Christina Smith,GU,< 1 year,123945,14956,24,14.7,Car,561,45923,Pending,0.370511113800476
LN-8362,2025-06-17,Jared Schneider,PW,< 1 year,82269,1837,999,,Debt Consolidation,782,49365,,0.6000437588885242
,2025-11-08,Angel Hawkins,SC,10+ years,90471,12285,36,6.29,Debt Consolidation,475,7156,Approved,0.07909716925865747
LN-8433,,Jessica Carrillo,HI,,114233,37301,360,24.93,Debt Consolidation,634,11013,Pending,0.09640821829068658
LN-6393,2025-04-14,Joseph Jones,UT,Unemployed,85885,20238,12,15.65,Business,769,14558,Pending,
LN-5705,2025-08-11,Brad Mcdowell,NY,,102922,3070,60,20.43,Car,913,44563,Rejected,0.4329783719710072
,2025-03-25,Christina Murphy,TN,< 1 year,40969,37292,360,21.86,Debt Consolidation,313,46973,Rejected,1.14654983035954
LN-9051,2025-08-23,Kristen Lowery,GA,< 1 year,,38994,36,21.71,Car,365,23332,Rejected,0.823085335308851
LN-7987,,Kelly Bates,,1-3 years,27552,34831,24,15.17,Debt Consolidation,879,46777,Approved,
LN-9728,2025-02-11,Christopher Mckay,VA,< 1 year,137530,17094,999,21.93,Business,615,35679,Approved,0.2594270341016505
LN-7773,,Casey James,UT,1-3 years,73924,32810,999,13.92,Home Improvement,411,43133,,0.5834776256696066
LN-2442,2025-02-18,Scott Martin,,4-7 years,0,25445,24,12.1,,663,6348,Pending,inf
LN-2083,2025-09-02,,MT,10+ years,,35657,24,33.02,Education,,45827,Rejected,1.2694108196448852
LN-4323,2025-07-13,Julia Sullivan,ME,Unemployed,,38888,24,17.88,,393,34775,Pending,0.6607071609066555
LN-7235,,Steve Fernandez,CO,< 1 year,49302,44158,,32.11,Debt Consolidation,601,10501,Pending,0.21299338769218287
LN-1200,2025-08-28,Mr. Walter Palmer,OR,,82799,16261,360,27.03,Education,405,14667,Pending,0.17713982052923344
LN-3930,2025-01-14,Kelli Fleming,WA,4-7 years,1399,15802,24,,Car,439,30592,Rejected,21.867047891350964
LN-5221,2025-09-24,Tyler Jackson,GA,4-7 years,116691,,999,24.28,Debt Consolidation,509,13931,Approved,
LN-6228,2025-03-16,Jason Paul,DE,< 1 year,,38892,999,,Business,689,29171,Approved,0.35176721694984747
,2025-04-27,Brian Walter,DE,Unemployed,138168,29059,24,7.19,Home Improvement,639,25806,Rejected,0.18677262463088415
LN-1531,2025-06-09,Sara Riley,IA,< 1 year,71615,,60,23.35,Home Improvement,345,38810,Rejected,0.5419255742512044
LN-1807,2025-11-04,Daniel Vazquez,WI,10+ years,127177,,999,6.7,Home Improvement,866,48444,Approved,0.3809179332740983
LN-5823,2025-05-14,Stephanie Castaneda,,< 1 year,16781,47185,60,31.13,Business,558,,Approved,1.5030093558190811
LN-6218,2025-03-03,Michael Williams,ID,< 1 year,47234,20781,36,30.51,Car,458,37550,Approved,0.7949781936740483
LN-8434,2025-02-19,Andrea Williams,NC,< 1 year,65086,27229,12,17.41,Car,555,47515,Pending,0.7300341087176966
LN-5254,,Jamie Burke,ID,,80539,26141,,7.7,Car,849,39417,Approved,0.48941506599287304
LN-5624,2025-08-15,,VT,10+ years,7770,17806,,32.12,,,5755,Rejected,0.7406692406692407
LN-5146,2025-05-27,,TN,1-3 years,,9045,60,14.6,Debt Consolidation,835,21810,Approved,0.6972060609935427
LN-8921,2025-05-22,Donald Perez,OK,10+ years,129101,7404,999,22.19,Debt Consolidation,554,7690,Approved,0.05956576633798344
LN-3155,2025-10-09,Anna Scott,DE,10+ years,148378,,36,30.44,Car,510,31013,Pending,0.20901346560810902
LN-2397 ,2025-05-02,Gregory Cain,CT,Unemployed,3575,33220,,33.29,,465,45869,Approved,12.83048951048951
LN-2849 ,2025-10-28,Robert Christensen,SC,4-7 years,8864,28029,,14.63,Debt Consolidation,693,8442,Pending,
LN-4258,,Rachel Hill,VA,1-3 years,0,28000,12,4.99,Education,,,Pending,inf
LN-5759,2025-09-17,Carolyn Lee,AS,Unemployed,40019,44215,360,14.62,Debt Consolidation,640,32923,,0.8226842249931282
LN-8712,2025-10-08,Christopher Roberson,OR,1-3 years,2035,,360,15.74,Home Improvement,902,19553,Rejected,9.608353808353808
LN-5053,2025-05-21,Nicholas Kelley,MO,< 1 year,0,11128,12,23.98,Business,606,18896,Approved,inf
LN-1518,2025-01-08,Rebecca Hanson,GA,,,20982,60,21.08,,366,31617,Approved,1.2332085186051953
LN-6765,,Erin Campbell,MT,4-7 years,,47697,12,8.42,,881,12977,Rejected,0.5029260163546875
LN-7793,2025-07-12,Marie Nash,MO,< 1 year,87568,47905,,17.23,Business,923,14136,,0.1614288324502101
LN-6444,2025-05-22,Amy Benjamin,MP,< 1 year,2456,49641,60,6.43,Business,821,25807,Rejected,10.507736156351791
LN-6797,2025-09-26,Mrs. Jacqueline Lee,SC,4-7 years,133979,21614,12,28.39,Education,475,9559,Pending,0.07134700214212675
LN-7292,2025-06-01,Joshua Price,SC,Unemployed,106647,7892,24,3.86,Debt Consolidation,318,6912,Approved,0.06481194970322653
LN-2162,2025-03-26,Dr. Ian Gray,IL,< 1 year,19774,13577,36,32.84,Education,691,19567,Pending,0.9895317083038333
LN-1025,2025-03-06,Kevin Reese,MD,10+ years,54449,47272,360,14.02,Home Improvement,950,8091,Pending,0.1485977703906408
LN-6050,2025-08-01,,VT,< 1 year,31548,46088,24,15.78,Home Improvement,944,28959,Rejected,0.9179345758843667
,2025-02-08,Robert Horton,VA,Unemployed,139901,13553,999,3.18,Car,700,24145,Pending,0.17258632890401068
,2025-09-24,,MA,Unemployed,90417,26874,12,26.31,Car,379,47131,Pending,
,2025-06-10,Pamela Vaughn,AS,< 1 year,103949,5936,12,25.48,Car,743,11304,Pending,0.10874563487864242
LN-9558,,Julie Olsen,MS,4-7 years,,,,15.35,Car,686,7785,Approved,0.08937489237127605
LN-9635,2025-01-08,Michael Rivas,WV,4-7 years,105134,44390,60,8.91,Home Improvement,525,,Approved,0.06643902067837236
LN-6185,2025-11-10,Jill Martinez,TN,Unemployed,,,360,27.1,Business,,9661,Approved,0.11384633514023097
LN-5731,2025-07-16,Jeffery Jenkins,CT,4-7 years,91058,24836,,27.49,Education,335,35031,Pending,0.38471084363812075
LN-2749 ,2025-06-14,,AL,10+ years,,5341,36,17.82,Car,433,31845,Approved,0.26880903542758744
LN-3347,2025-02-28,Larry Taylor,SD,4-7 years,33783,45244,999,17.12,Car,759,38888,Approved,1.1511115057869343
LN-4869 ,2025-06-27,,PW,Unemployed,89870,8468,24,30.99,Home Improvement,922,32939,Rejected,0.3665183042172026
LN-1801 ,2025-08-31,Alexander Mccoy,MA,1-3 years,122461,,999,5.26,Car,645,,,0.06190542295098031
,2025-10-13,Dennis Christian,,Unemployed,128048,31178,12,21.58,Car,,29534,Rejected,0.23064788204423342
LN-2927 ,2025-04-06,Emily Meyers,MN,1-3 years,149842,39788,60,32.93,Car,,760,Approved,
LN-6465,2025-08-05,April Gonzalez,MS,10+ years,86187,13348,36,10.78,Business,323,11182,Approved,0.12974114425609432
LN-8763,2025-06-07,Kayla Gutierrez,MP,< 1 year,3413,23795,,22.37,Business,708,21643,Approved,6.341341927922649
LN-8808,2025-11-03,Mark Davis,MH,4-7 years,30757,44948,24,30.08,Car,814,15702,Approved,0.5105179308775238
LN-3945,2025-02-16,Jack Fuentes,DE,4-7 years,18784,26217,360,6.42,Car,651,33071,Rejected,
LN-4646,2025-07-10,,OR,10+ years,85066,7494,12,16.06,Debt Consolidation,340,8054,Rejected,0.09467942538734629
LN-9784,,Jon Lane,FL,10+ years,-1198,,60,,Car,487,205,Pending,-0.17111853088480802
LN-1057,2025-08-18,Melissa Gould PhD,AL,Unemployed,48664,27495,12,5.27,Business,950,45336,Pending,0.931612691106362
LN-1483,2025-03-19,Gary Mitchell,TX,< 1 year,80493,,60,8.7,Business,460,6346,Rejected,0.0788391537152299
LN-6758,2025-11-10,Nicholas Cooper,,< 1 year,66478,18493,60,34.52,Education,707,37688,Pending,0.5669243960407955
LN-1510,2025-06-10,Hunter Spencer,IL,Unemployed,145399,44335,,6.34,Home Improvement,554,3547,Pending,0.024394940818024884
LN-6711,2025-10-14,Amy Braun,MS,,70984,46013,24,17.18,Home Improvement,733,36863,Approved,0.5193142116533304
LN-9202,,,MN,1-3 years,0,,999,3.97,,729,27383,Pending,inf
LN-1685,2025-09-21,John Smith,WI,10+ years,51739,7467,12,32.04,Home Improvement,932,33745,Approved,0.652215929956126
LN-6901,2025-03-12,Melissa Rodriguez,CA,1-3 years,0,46741,60,18.6,Car,514,9352,Rejected,inf
LN-6718,,Nicole Shaw,MA,< 1 year,118250,17429,36,4.5,Home Improvement,398,5841,Rejected,0.0493953488372093
LN-6339,2025-06-14,Christina Huffman,VT,Unemployed,43037,10827,360,,Car,,,Pending,0.7707321606989335
LN-1094,2025-05-05,Autumn Torres,NC,10+ years,147074,47759,12,16.21,Debt Consolidation,,22493,Pending,0.15293661694113167
LN-7421 ,2025-05-02,Ashley Vaughn,,1-3 years,70415,13225,60,,Business,466,35226,Approved,0.500262728111908
,2025-04-04,Patricia Bruce,CA,Unemployed,99217,46276,360,17.48,Education,890,22183,Approved,
LN-3262,2025-09-13,Kelly Graham,PW,Unemployed,2619,TBD,24,15.34,Debt Consolidation,510,15386,,5.874761359297442
LN-6152,2025-03-12,Jaime Jackson,AK,< 1 year,139430,5292,12,6.43,Home Improvement,,45610,Approved,0.3271175500251022
LN-6114,2025-04-10,Gary Hayden,CO,4-7 years,31586,20485,36,20.68,,385,43156,Approved,1.3663015259925284
LN-2689 ,2025-11-16,Charles Rowland,IN,1-3 years,70663,15029,999,28.38,Home Improvement,793,,Approved,0.6911254829260008
LN-7126,2025-05-19,Bob Solis,ID,1-3 years,65698,10539,,11.95,Business,307,,Approved,0.37750007610581754
LN-8794 ,,Patrick Smith,PA,4-7 years,87461,43194,12,15.8,,506,48234,Pending,
LN-3502,2025-09-21,Larry Lambert,MN,Unemployed,49942,20967,360,-5.0,Education,866,,Pending,0.2179928717312082
LN-7284,2025-01-08,Donald Alexander,MO,10+ years,63859,2219,60,13.07,Business,339,6516,Approved,0.10203730092860834
LN-7131,2025-07-26,,TN,Unemployed,67856,18473,60,29.12,Business,541,44454,Pending,0.65512261259137
LN-4707,2025-02-27,Sarah Williams,ME,1-3 years,30783,48746,,25.71,,636,45764,Pending,
LN-6886,2025-04-17,Derrick Burke,VT,Unemployed,96536,,999,25.68,Home Improvement,901,22483,Rejected,0.23289757189027926
LN-6424 ,,,TN,10+ years,91507,9821,60,4.38,Car,824,48799,Rejected,0.5332816068716054
LN-1510,2025-06-10,Hunter Spencer,IL,Unemployed,145399,44335,,6.34,Home Improvement,554,3547,Pending,0.024394940818024884
LN-1831,2025-09-08,,NC,1-3 years,141612,41957,999,,Business,693,42244,Rejected,0.29830805298985963
LN-7350,2025-06-09,David Matthews,VA,Unemployed,85418,11920,24,10.07,Business,707,2227,Rejected,0.026071788147697207
,2025-06-24,Adriana Davenport,OK,< 1 year,120772,30946,12,10.88,Debt Consolidation,,8379,Rejected,0.0693786639287252
LN-9579,,Isaac Payne,WI,< 1 year,,33005,360,27.26,Home Improvement,610,,Pending,3.4852455633512176
LN-5556,2025-01-11,Angel Santiago,PA,,85499,34516,12,28.7,,328,14650,Approved,0.17134703329863507
LN-9673,2025-10-01,Michael Gill,WA,Unemployed,18074,33989,36,20.98,Business,633,48040,Pending,2.65796171295784
LN-8774,2025-04-17,Ashley Smith,VT,4-7 years,33782,19640,12,31.38,Business,684,27684,Approved,0.819489669054526
LN-4897,2025-01-11,Richard Fisher,AL,Unemployed,54097,,24,28.56,Debt Consolidation,349,47018,Rejected,0.8691424663105163
LN-9856 ,2025-08-02,James Lee,WY,1-3 years,74669,,,7.97,Education,704,,,0.33699393322530097
LN-2084,,John Tate,ND,10+ years,,27996,60,6.71,Home Improvement,510,21195,Rejected,0.29243356604762827
LN-9888,2025-01-15,Luke Reynolds,OR,< 1 year,143875,6024,360,15.56,Debt Consolidation,780,1509,Pending,0.010488271068635969
LN-2517,2025-11-28,Jeffery Bennett,SC,10+ years,16912,31782,999,,Business,736,27991,Rejected,1.65509697256386
LN-3686,2025-04-28,Valerie Barnes,VI,Unemployed,,32173,999,17.36,Debt Consolidation,861,15787,Pending,0.13526458290492838
LN-9666,2025-08-10,Thomas Lynch,TN,10+ years,55903,,999,34.74,,523,19452,Pending,0.34795985904155413
,,,AS,,74165,14112,999,6.23,Education,714,38854,Pending,0.5238859300208993
LN-1953,2025-05-03,Erica Clark,RI,4-7 years,11501,,999,26.55,Home Improvement,344,20704,Rejected,1.8001912877141117
LN-5970,2025-11-24,Debra Barrett,,10+ years,,4884,36,3.21,Debt Consolidation,728,24619,Approved,0.23865101445341658
LN-8359,2025-09-19,Amanda White,MS,4-7 years,113789,15572,999,-5.0,Home Improvement,800,24754,,0.21754299624744045
LN-8787 ,2025-02-17,Amanda Conner,NJ,1-3 years,37810,14340,360,,Car,394,2565,,0.0678391959798995
LN-2897,2025-12-01,Brady Singleton,SD,< 1 year,75762,20629,12,20.08,Education,,15784,Rejected,0.2083366331406246
LN-4938,2025-07-04,,UT,Unemployed,,47523,36,-5.0,Business,406,41709,Rejected,0.5981757425387583
LN-6320,2025-04-08,David Miller,DE,1-3 years,33308,29533,60,12.4,Business,916,348,Rejected,0.010447940434730395
LN-3798,2025-11-20,,LA,,88319,11524,,16.27,Education,830,10565,Pending,0.11962318413931317
LN-7633,2025-07-13,Steven Rodgers,OK,1-3 years,123244,48536,36,9.64,Debt Consolidation,483,31142,Rejected,0.2526857291227159
LN-4154,2025-06-07,Jasmin Harris,WA,1-3 years,49469,41931,24,4.22,Education,456,25041,Rejected,0.5061957993895166
LN-8496,2025-01-21,David Wilkinson,CO,10+ years,17668,12257,999,8.75,Education,479,40524,Approved,2.2936382159836994
,2025-06-19,Crystal Cummings,WA,4-7 years,69619,23252,360,,Business,668,16056,Pending,0.23062669673508668
LN-9605,2025-09-21,,KY,1-3 years,107226,25016,36,6.76,Education,882,41816,Pending,0.3899800421539552
LN-3446,2025-11-18,Dale Moran,PR,10+ years,18186,18915,999,3.12,Home Improvement,590,7643,Approved,0.4202683382821951
LN-7996,,Kimberly Stafford,MT,,146703,29207,999,19.44,Car,811,29870,Rejected,0.20360865149315283
LN-1185,2025-11-27,Rhonda Mooney,,1-3 years,69775,33148,,22.9,Business,815,21832,Rejected,0.31289143676101755
LN-3381,2025-05-19,Denise Harris,GU,< 1 year,134684,33589,,23.96,Debt Consolidation,471,48534,,0.36035460782275547
LN-1881,2025-01-22,Miguel Stafford,AL,Unemployed,73687,42146,36,3.38,Debt Consolidation,427,21314,Rejected,0.28925047837474727
,2025-10-17,Michelle Daniels,MA,4-7 years,107103,14494,360,17.09,Business,950,28430,Rejected,
LN-7566,2025-03-25,Elizabeth Medina,IN,10+ years,77892,31419,999,14.85,Business,391,27725,Pending,0.3559415601088687
LN-2302,2025-10-21,Jay Richardson,OR,10+ years,92906,13109,999,34.33,Debt Consolidation,507,20658,Rejected,0.2223537769358276
LN-8399,2025-08-30,Kristen Adams,MO,Unemployed,108835,29813,24,29.58,Home Improvement,545,23606,Pending,
,2025-03-23,Brianna Harrison,ME,4-7 years,26847,,36,15.33,Debt Consolidation,437,4707,Rejected,0.17532685216225277
LN-1528,2025-10-26,Michael Edwards,NY,< 1 year,24126,41170,60,19.67,Business,882,26332,Rejected,1.0914366243886264
LN-2791,2025-04-28,Antonio Smith,WA,10+ years,80798,13132,12,,Education,344,41535,Rejected,0.5140597539543058
LN-6946,2025-02-22,Lori Montgomery,RI,10+ years,134177,45181,360,27.92,Business,,43237,Approved,0.3222385356655761
LN-9331,2025-03-30,,PW,1-3 years,0,10418,12,,Business,,,Rejected,inf
LN-3877,2025-11-24,Luis Jenkins,NC,< 1 year,48780,39734,999,5.68,Home Improvement,,10432,Pending,0.2138581385813858
,2025-08-01,Lisa Garrison,DC,Unemployed,52149,3661,60,31.57,Education,773,46657,Pending,0.8946863794128362
LN-1249,2025-08-06,Joel Williams Jr.,WA,10+ years,103662,32147,12,31.35,,,42035,Rejected,0.405500569157454
LN-2677,2025-06-13,Rebecca Myers,ME,10+ years,140703,14745,12,28.72,Home Improvement,641,33406,Rejected,0.23742208765982245
LN-8577,2025-05-15,Donna Cordova,MP,< 1 year,1533,23863,60,11.07,Home Improvement,584,34592,Pending,22.564905414220483
LN-5011,2025-04-11,Philip Martinez,MD,< 1 year,140192,44480,,30.44,Education,812,45464,,0.32429810545537546
LN-3524,2025-01-24,Alexander Alexander,MA,1-3 years,45973,26578,36,,Debt Consolidation,734,31055,Rejected,0.6755051878276379
LN-4311,2025-08-27,Jodi Young,ND,Unemployed,910,46610,,6.48,,380,24677,Approved,27.11758241758242
LN-9456,2025-09-24,Randy Campbell,MS,4-7 years,91896,23017,24,30.66,Education,506,9736,Approved,0.10594585183250631
LN-9154,2025-07-12,William Coffey,SC,< 1 year,74713,3358,36,26.11,Education,632,2250,Approved,0.03011524098885067
LN-8558,2025-07-16,Brian Perez,VA,< 1 year,113604,9907,999,9.31,Education,719,45842,Pending,0.4035245237843738
LN-3087,2025-06-01,Beth Thompson,AR,4-7 years,71457,40402,60,2.53,Home Improvement,,16827,Pending,0.23548427725765145
LN-1107 ,2025-11-11,Mary Hernandez,NJ,10+ years,9276,40529,60,3.47,,,36824,Approved,3.969814575247952
LN-9779,2025-07-15,Michael Christian,MH,10+ years,35908,25941,36,34.13,Debt Consolidation,324,45947,Rejected,1.2795755820429988
LN-8842,2025-05-02,Anthony Hardin,IL,< 1 year,89676,19811,12,27.92,Car,,,Rejected,0.15070921985815602
LN-6681,,Brandi Thompson,CA,1-3 years,45306,35871,999,,Education,638,8803,,0.19430097558822232
LN-9422,2025-06-19,Tamara Reed,AL,Unemployed,40847,28990,36,16.94,Business,373,,Pending,1.0730041373907508
LN-8713,2025-06-14,Lisa Delgado,DE,< 1 year,104192,35075,999,23.69,Car,623,34062,Rejected,0.3269156941031941
LN-5659,,Brett Thomas,MA,,41874,45440,24,24.63,Home Improvement,,,Pending,
LN-7423,2025-08-14,Natalie Gordon,ME,< 1 year,37689,49918,36,10.51,Car,,39262,Pending,1.0417363156358619
LN-5953,2025-04-21,Ruben Hudson,AZ,< 1 year,20082,47023,999,5.21,Debt Consolidation,917,11926,Rejected,0.5938651528732198
,2025-06-30,Roger Jacobs,MS,Unemployed,102337,38121,360,10.47,Business,,7998,Approved,
LN-4478,2025-11-23,James Cook,MI,Unemployed,135330,45238,999,31.57,Debt Consolidation,538,3854,Rejected,0.028478533954038276
LN-2481 ,,Bruce Harris,NM,,88953,22503,999,4.57,,374,34082,Approved,0.3831461558351039
LN-9143,2025-03-14,Mark Mccall,WI,< 1 year,52767,2291,60,34.71,Car,353,14295,Approved,
LN-5970,2025-11-24,Debra Barrett,,10+ years,,4884,36,3.21,Debt Consolidation,728,24619,Approved,0.23865101445341658
LN-6728 ,2025-01-30,Thomas Patel,CO,< 1 year,37150,38280,,20.88,,823,24687,Approved,
LN-2593,2025-02-24,,FL,10+ years,143261,48619,,4.47,,548,35322,Approved,0.24655698340790586
LN-5440,2025-04-16,Brooke Khan,PR,4-7 years,43760,34072,,3.26,Car,494,37527,Rejected,0.8575639853747715
LN-3719,2025-07-20,Christopher Abbott,UT,< 1 year,83784,43472,,33.18,,833,42902,Rejected,0.5120548076004965
LN-6491,2025-09-14,Debbie Romero,,< 1 year,9368,8813,360,16.85,Education,700,18373,Rejected,1.9612510674637063
LN-6468,2025-11-02,,WY,< 1 year,38611,8168,36,,Education,691,46146,Rejected,1.195151640724146
LN-3485 ,2025-06-08,Jeffrey Clark,,1-3 years,24538,21419,,8.58,Education,492,11975,Approved,0.48801858342163174
LN-2436,2025-09-14,,MO,10+ years,12203,2947,24,23.03,Education,410,7609,Rejected,0.623535196263214
LN-1598,2025-11-24,Virginia Lynn,WA,< 1 year,-1805,,360,24.1,Home Improvement,381,26476,Approved,-14.66814404432133
LN-7382,2025-06-26,Craig Thompson,CO,10+ years,,21453,24,14.5,Debt Consolidation,,10727,Pending,0.43887570575239343
LN-1719,2025-09-20,Ronnie Torres,MS,4-7 years,16222,45336,60,7.6,Business,427,21397,Rejected,1.3190112193317716
LN-9582,2025-02-03,Kristi Livingston,,Unemployed,129978,TBD,60,6.57,Debt Consolidation,598,31797,Approved,0.24463370724276415
LN-3589,2025-06-05,,AK,,111607,TBD,12,34.04,Debt Consolidation,358,623,Pending,0.005582087145071545
LN-1427,2025-08-19,Curtis Griffin,MO,,41677,39509,12,22.99,Car,,44686,Rejected,
,,William Sutton,,1-3 years,48008,49902,999,18.34,Car,,40029,,0.833798533577737
LN-2686 ,2025-10-18,Jessica Mcdonald,MA,1-3 years,15139,27598,60,29.45,Home Improvement,558,2294,Approved,0.15152916308871128
LN-2422,2025-07-20,Melissa Stewart,,10+ years,100284,12126,999,14.57,Business,497,13747,,0.13708069083802002
,2025-03-07,Christy Bolton,KS,< 1 year,80376,3786,12,16.66,Education,634,43602,Rejected,0.5424753657808301
LN-4246,2025-09-18,Russell Beck,IN,10+ years,26288,31624,60,9.08,Home Improvement,800,,Approved,1.3862218502738892
LN-4541,2025-11-16,,TN,10+ years,9426,,60,21.66,Car,393,598,Approved,0.06344154466369616
LN-8625,2025-08-10,Raven Nielsen,PR,1-3 years,119791,,36,18.24,Business,670,8132,Rejected,0.06788489953335393
LN-4311,2025-08-27,Jodi Young,ND,Unemployed,910,46610,,6.48,,380,24677,Approved,27.11758241758242
LN-2438 ,2025-03-15,,MI,1-3 years,41222,,12,,,883,26790,Pending,0.649895686769201
LN-5168,2025-04-22,Mario Johnson,PR,< 1 year,35235,,12,13.89,Business,538,13802,Rejected,0.3917127855825174
LN-2999 ,2025-07-19,David Frazier,NC,4-7 years,29610,31541,60,31.35,Debt Consolidation,698,39427,Rejected,
LN-2111,2025-08-18,Brittany Bailey,TN,4-7 years,80451,TBD,360,,Business,830,17437,Pending,
LN-9383,2025-07-09,Sheryl Meyer,GA,,65723,26976,12,5.93,Debt Consolidation,921,28501,Approved,0.43365336335833726
LN-6221,2025-05-12,Mrs. Jacqueline Hickman,FL,4-7 years,,44239,60,12.28,Education,413,13832,,0.2528193599093418
LN-9732,2025-02-09,Duane Conley,SD,Unemployed,104855,32736,36,23.58,Home Improvement,311,49269,Pending,
LN-1630,2025-05-07,Jose Hardy,WA,,59658,46752,999,12.04,Business,,21114,,0.3539173287740119
LN-8311,2025-03-02,Richard Gibson,WV,4-7 years,90832,5240,12,16.01,Education,521,8896,Pending,0.09793905231636428
LN-3545,2025-07-26,Chad Williams,NM,< 1 year,37623,,60,19.6,Home Improvement,912,49657,Approved,1.3198575339552934
,2025-07-22,,AZ,< 1 year,,TBD,24,24.93,Education,590,38380,Pending,1.0535273126544058
LN-8924,,Melissa Burns,NJ,1-3 years,83048,2158,999,5.52,Business,608,32757,Rejected,
LN-2875 ,2025-07-08,Gary Carroll,OK,4-7 years,66651,35803,999,25.43,Education,,32061,Rejected,0.4810280415897736
LN-9967,2025-08-15,Jasmine Mccullough,MA,10+ years,92730,32754,60,2.82,Business,731,15293,Rejected,0.16491965922570906
LN-7488,2025-02-05,Jessica Garcia,FL,4-7 years,91907,18261,12,,Debt Consolidation,361,19601,Approved,0.21326993591347776
LN-8387 ,2025-06-21,Rachel Taylor,ID,10+ years,144521,46026,999,31.03,Debt Consolidation,556,44109,Pending,0.30520823963299454
LN-3930,,,OR,4-7 years,24089,46549,360,23.53,Home Improvement,579,43642,Approved,
LN-3960,2025-01-22,Jeffery Anderson,,< 1 year,40945,14047,24,10.47,Education,845,41520,Pending,1.0140432287214556
LN-6739,2025-03-20,Matthew Hale,ND,4-7 years,30894,43699,,3.96,Education,500,38459,Approved,1.2448695539586976
LN-6047,2025-08-07,Brenda Gray,NM,Unemployed,116989,49590,999,30.08,Debt Consolidation,666,8067,Pending,0.06895520091632547
LN-3131,2025-11-28,Bradley Sandoval,TN,< 1 year,,34775,12,5.41,,801,46054,Rejected,0.39534384630572317
LN-6203,2025-01-26,Randall White,PA,Unemployed,55309,,,22.85,Business,720,38171,Approved,0.6901408450704225
LN-2108,2025-05-07,,FM,10+ years,48544,41844,60,17.0,Car,631,20948,Approved,0.4315260382333553
LN-8404,2025-03-24,Diana Martinez,VA,< 1 year,19243,3449,60,28.21,Debt Consolidation,,48189,,2.5042353063451643
,2025-01-26,Cynthia Romero,AL,4-7 years,23669,26076,60,26.64,Business,704,20368,,0.8605348768431281
LN-6071 ,,Ashley Black,TX,4-7 years,5714,12057,24,16.77,Education,,,Pending,7.632481624081204
LN-2752,2025-04-02,Elizabeth Ray,GU,1-3 years,45807,8442,12,,Car,,8173,Approved,0.17842251184316807
LN-2932,2025-06-19,Lisa Becker,PA,4-7 years,7404,9813,12,12.18,Home Improvement,643,31344,Approved,4.233387358184765
LN-3686,2025-04-28,Valerie Barnes,VI,Unemployed,,32173,999,17.36,Debt Consolidation,861,15787,Pending,0.13526458290492838
LN-3799,2025-07-10,Jonathan Dennis,DE,,83000,6570,60,,Education,847,25132,Approved,0.3027951807228916
LN-4308,2025-03-10,Kelly Jones,AS,,116572,27691,999,19.25,Debt Consolidation,775,29247,Approved,0.25089215248944857
LN-6460,2025-08-31,Melissa Patton,ID,,110576,4652,60,13.16,Car,934,47670,Rejected,0.4311062074952974
LN-2875,2025-07-08,Gary Carroll,OK,4-7 years,66651,35803,999,25.43,Education,,32061,Rejected,0.4810280415897736
LN-5889,2025-05-17,,MN,1-3 years,113483,42180,24,31.83,Business,725,12331,Approved,
LN-5903,2025-05-12,Mark Mcintyre,UT,10+ years,24366,,36,11.59,Business,537,35101,Rejected,1.440572929491915
LN-1582,2025-01-27,Leslie Randall,NY,1-3 years,92757,,36,17.98,Home Improvement,509,44426,,
,2025-02-14,Juan Jones,VI,,67336,45512,12,,Business,,38670,Rejected,0.5742841867648806
LN-1301,2025-05-08,Todd Hayes,OR,10+ years,56771,35449,,24.0,Home Improvement,457,46140,Approved,0.8127388983812157
LN-3174,2025-10-25,Zachary Bautista,PW,10+ years,96217,33553,360,13.07,Car,578,41089,Rejected,0.4270451167673072
LN-8546,2025-07-04,Kevin Palmer,WY,10+ years,134891,3956,36,21.62,,754,25648,,0.1901387045837009
LN-8849,2025-05-11,,PR,4-7 years,85137,24118,36,4.52,Home Improvement,455,22112,Pending,0.2597225648073106
LN-2286,2025-02-05,Erica Sims,TX,1-3 years,,42807,999,,Debt Consolidation,677,34739,Rejected,0.27958953722334007
,2025-02-17,Travis Cooke,TN,10+ years,93443,8793,36,7.45,Education,370,34083,Rejected,0.36474642295303017
LN-3204,2025-08-09,Antonio Weeks,VI,Unemployed,136933,33256,999,25.17,Car,,43499,Approved,0.3176663039588704
LN-5448,2025-09-01,Michael Wilson,MD,Unemployed,75761,8501,36,3.81,,803,,Approved,0.25179181900978076
LN-6169,2025-04-28,John Holt,GA,< 1 year,78943,23364,,18.41,Education,595,,Approved,0.16195229469363973
LN-4116,2025-07-22,Bill Valenzuela,VI,< 1 year,123572,22130,24,17.94,Education,480,,Approved,0.09526429935584113
,2025-07-12,Jonathan Harris,KY,4-7 years,78802,27886,60,15.72,Business,892,36354,Rejected,0.46133346869368796
LN-1902,2025-02-07,Nina Bernard,FM,4-7 years,27167,9007,36,7.84,Home Improvement,525,7299,Approved,0.2686715500423308
LN-3901,2025-02-22,Tracey Leonard,,Unemployed,,15221,24,13.77,Business,655,49246,Pending,1.2452524843856676
LN-1651,2025-10-24,Dean Jones,MT,10+ years,0,15278,12,5.57,,850,42894,Rejected,inf
,2025-11-29,Christopher Sparks,WV,< 1 year,119364,,36,26.78,Car,,12575,Rejected,0.10535002178211186
LN-5009 ,2025-10-16,Ann Weber,WV,10+ years,11611,27505,999,7.23,Business,316,28636,Pending,2.466281973990182
LN-4908 ,2025-06-20,Douglas Hart,,< 1 year,66161,,999,23.05,Education,886,5,Approved,7.557322289566361e-05
LN-8485,2025-08-31,Stacy Wilson,UT,Unemployed,,45140,999,24.38,Business,461,2998,,0.020408024342593412
LN-9084,2025-01-24,Edward Johnson,WY,1-3 years,49996,,36,9.92,Debt Consolidation,304,24707,Pending,0.49417953436274903
LN-1408,2025-06-28,Thomas Villanueva,,,148002,30095,999,11.19,,417,35962,Approved,0.24298320292969014
LN-8987,2025-02-05,Martin Young,PR,1-3 years,115859,21883,60,,Business,,29309,Pending,0.25297128406079805
,2025-06-30,Evan Burnett,VA,Unemployed,0,32778,,4.05,Business,647,4577,Rejected,inf
LN-4178,2025-08-13,Rachel Hanson,FM,,142452,25759,360,25.63,Home Improvement,810,1413,Rejected,0.009919130654536265
,2025-04-23,Roger Acosta,PW,,34116,46288,360,8.52,,,49752,Rejected,1.4583186774533943
LN-4438,2025-09-24,Elizabeth Jackson,DE,10+ years,148925,38586,360,8.75,Education,607,5872,Approved,0.03942924290750378
LN-9537,2025-09-11,Gregg Bray,VI,1-3 years,33111,2762,360,16.8,,833,18505,Approved,0.5588777143547462
LN-1392,2025-04-27,Monica Hill,NV,1-3 years,,33209,999,23.66,Car,793,46302,Approved,0.5006108702468348
LN-2410,2025-11-30,Jessica Williams,ND,< 1 year,118873,47093,24,4.4,Business,694,4161,,0.03500374349095253
LN-7521,2025-09-15,Yvonne Howard,MT,4-7 years,98368,31533,12,16.02,Debt Consolidation,407,28043,Rejected,0.2850825471698113
LN-7874,2025-07-04,,NJ,1-3 years,90837,7666,360,6.98,Car,,43948,Rejected,0.48381166264848025
LN-2790,2025-05-27,Erin Sloan,TX,Unemployed,776,23519,24,6.6,Education,368,9483,,12.220360824742269
LN-4361,2025-04-27,Norma Smith,VT,< 1 year,,33949,12,28.49,Education,792,47353,Pending,0.5106270555885049
LN-3330,2025-07-29,Nicole Villegas,VT,,101592,48325,12,29.41,Debt Consolidation,345,,Rejected,0.12583668005354753
LN-9069,2025-07-15,Johnathan Padilla,MN,< 1 year,143701,3153,24,34.58,Debt Consolidation,,39248,Approved,0.2731226644212636
LN-7737,2025-08-20,Michael Castillo,IA,1-3 years,57159,39874,24,17.9,Home Improvement,849,475,Pending,0.008310152381952098
LN-9709,2025-05-03,Timothy Sherman,VI,Unemployed,0,19442,,19.5,Home Improvement,811,103,Rejected,inf
LN-6556,2025-06-06,Jeremiah Welch,GA,10+ years,33557,17005,999,9.41,Car,,46503,,1.385791340107876
,2025-04-03,Virginia Wallace,VT,< 1 year,30519,,60,23.16,Education,312,20597,Rejected,0.6748910514761296
,,,KS,1-3 years,43482,13372,60,32.62,Education,369,43426,Rejected,
LN-1840,2025-07-02,Sarah Hall,IA,4-7 years,95389,39702,,13.37,Car,457,31214,Rejected,0.3272285064315592
LN-9290,2025-06-18,Paul Phillips,NM,10+ years,111774,2457,12,16.07,Car,618,11024,Rejected,0.09862758781111887
LN-1694,2025-02-07,Maria West,ME,4-7 years,53302,8033,36,26.37,Debt Consolidation,580,48222,Rejected,
,2025-10-13,Dennis Christian,,Unemployed,128048,31178,12,21.58,Car,,29534,Rejected,0.23064788204423342
LN-1245,2025-02-11,,,10+ years,115213,34089,60,12.77,Education,771,9100,Rejected,0.07898414241448448
,2025-10-30,Veronica Lloyd,MH,,92103,5561,60,16.73,Business,384,35433,Approved,0.3847105957460669
LN-4171,2025-05-12,Megan Morrison,WA,< 1 year,63159,20860,,22.88,Home Improvement,479,45128,Approved,0.71451416266882
LN-7204,2025-02-12,Glen Reid,LA,Unemployed,,35253,36,30.8,Car,481,1915,Rejected,0.013135151448639156
LN-3920,2025-09-09,Meghan Brown,MI,Unemployed,16016,5471,999,12.11,Car,941,20537,Approved,1.2822802197802199
LN-9608,2025-02-08,Ryan Cain,AL,1-3 years,122440,30498,12,,Business,882,18572,Rejected,0.15168245671349231
LN-9456,,John Maddox,CA,Unemployed,118378,15912,360,24.18,Home Improvement,721,26225,Approved,0.22153609623409756
LN-7481,2025-10-19,Michelle Mcdonald,,,104516,28793,60,22.71,Education,368,15306,Pending,0.14644647709441616
LN-1427,2025-08-19,Curtis Griffin,MO,,41677,39509,12,22.99,Car,,44686,Rejected,
LN-3683,2025-07-18,Kevin Mack,KS,10+ years,10637,11522,360,29.04,Debt Consolidation,552,202,Approved,0.018990316818651876
LN-5953 ,2025-07-01,,MH,,147943,38227,999,31.56,Car,906,47576,Pending,0.32158331249197325
LN-9529,2025-04-22,Laura Lloyd DVM,KS,4-7 years,37936,19832,999,25.49,Home Improvement,,24600,Pending,0.6484605651623787
LN-5995,2025-04-22,Catherine Ramos,MN,Unemployed,73957,15490,360,,Education,,28242,Rejected,0.381870546398583
LN-1482 ,2025-06-22,,WV,< 1 year,67463,2138,12,11.11,Home Improvement,365,13168,Approved,0.19518847368187006
LN-4438,2025-08-17,Theresa Reid,,4-7 years,71419,34082,999,13.37,Debt Consolidation,938,35277,Rejected,0.4939441885212619
LN-7232,2025-01-11,David Phillips,AS,Unemployed,119122,15025,60,13.52,Debt Consolidation,742,27074,Rejected,0.22727959570860126
LN-7782,2025-11-06,Mary Thomas,TX,4-7 years,101053,49631,36,,Business,625,47628,Rejected,0.4713170316566554
LN-2494,2025-03-05,Emily Cooper,NV,,13533,,36,6.11,Debt Consolidation,748,13870,Approved,
LN-4079,2025-11-22,Rebecca Campbell,,10+ years,14275,3836,999,33.83,Business,,17421,Pending,1.220385288966725
LN-9812,2025-09-14,Melinda Dorsey,GU,Unemployed,-3669,25878,36,,Home Improvement,598,29118,Pending,-7.936222403924775
LN-5595,2025-03-19,Ronald Smith,IA,1-3 years,70976,4699,360,30.56,Business,355,38036,Rejected,0.5358994589720469
LN-9169,2025-10-25,Barbara Phelps,CT,4-7 years,24768,33709,36,7.43,Car,754,4238,Rejected,
LN-2083,2025-09-02,,MT,10+ years,,35657,24,33.02,Education,,45827,Rejected,1.2694108196448852
LN-9753 ,2025-08-31,Duane Robinson,TN,Unemployed,110895,16376,12,26.76,Education,,29984,Rejected,0.27038189278145996
LN-8616,2025-05-22,Allison Booker,IN,4-7 years,,29225,,6.55,Home Improvement,369,37615,Rejected,0.5332813496845538
LN-4812,2025-10-25,Ashley Ramirez,AZ,< 1 year,75345,37481,,4.45,Home Improvement,436,20243,Rejected,0.2686707810737275
LN-2477,2025-09-14,,ID,,101262,,36,25.46,Debt Consolidation,772,31599,Rejected,0.3120519049594122
LN-4396,,April Simmons,NM,1-3 years,33886,21477,36,26.45,,318,41358,Rejected,1.2205040429675973
LN-6592,2025-10-16,Robert Brown,VT,4-7 years,63264,26649,24,21.43,Business,381,25677,Approved,0.4058706373292868
LN-9192,2025-09-01,Jacob Jimenez,UT,Unemployed,98395,,,31.76,Home Improvement,550,23303,Approved,0.2368311397936887
LN-8464,2025-04-02,Stephen Jenkins,WA,Unemployed,,42075,60,17.61,Business,789,46776,Rejected,0.4279127634660422
LN-5467,2025-11-06,Caitlin Andrews,,10+ years,93506,23075,,8.34,Debt Consolidation,764,7864,Pending,0.08410155498042907
LN-8001,2025-01-15,Joshua Jackson,DC,4-7 years,131495,7313,24,9.17,,477,23922,Pending,0.1819232670443743
LN-1477,2025-10-06,Anthony Horn,VI,10+ years,,33420,36,14.24,Debt Consolidation,440,43204,Rejected,0.996310303477539
LN-2784,,Kimberly Mitchell,RI,4-7 years,115028,49352,24,23.96,Business,630,24100,Approved,0.20951420523698577
LN-3384,2025-05-22,Danielle Jimenez,NH,4-7 years,23870,,360,28.18,Debt Consolidation,700,2743,Rejected,0.1149141181399246
LN-1917,2025-01-30,Robert Hansen,OH,4-7 years,125919,39270,,,Debt Consolidation,340,18549,Approved,0.14730898434708026
LN-6822,2025-05-30,Jacob Long,FM,10+ years,133988,37117,60,15.27,Business,944,31881,Rejected,0.237939218437472
LN-8672 ,2025-11-24,Daniel Robinson,LA,< 1 year,120956,38101,36,6.24,Car,552,38320,Rejected,0.3168094183008697
,,Mary Jones,PA,10+ years,-401,,999,33.81,Car,919,7689,,-19.174563591022444
LN-9202,2025-01-13,Nicholas Erickson,HI,Unemployed,72539,33355,36,16.5,Debt Consolidation,772,37479,Rejected,0.5166737892719778
LN-9720,2025-02-28,Jeanne Mayo,WA,1-3 years,132704,48035,,17.96,Home Improvement,,42807,Approved,0.32257505425608873
LN-8005,2025-01-27,Brittany Henderson,SC,1-3 years,131778,1283,12,10.04,Car,555,43180,Rejected,0.32767229734857106
LN-3619,2025-10-24,Cindy Hunt,CO,4-7 years,137196,29708,60,22.97,Debt Consolidation,402,46908,Pending,0.34190501180792443
LN-6085,2025-02-13,,TN,Unemployed,62609,4924,999,,Home Improvement,335,,Rejected,
LN-8546,2025-07-04,Kevin Palmer,WY,10+ years,134891,3956,36,21.62,,754,25648,,0.1901387045837009
LN-1721,2025-09-04,Shane Torres,OH,1-3 years,,,999,26.42,Business,732,19837,,1.104325558091633
LN-9498 ,2025-01-30,Jeffrey Romero,GA,< 1 year,145392,24253,12,28.49,Debt Consolidation,850,,Pending,0.30557389677561353
,2025-04-03,Joseph Gibson,OR,1-3 years,74490,49685,12,21.03,Education,866,18036,Approved,0.24212645992750706
LN-6042,2025-01-19,Sara Wright,MH,,57365,38500,,28.01,Car,,14750,Approved,
LN-3270,2025-06-03,Kathryn Mcpherson,IA,10+ years,135865,46091,24,-5.0,Business,371,22423,Pending,0.16503882530453023
LN-9595 ,2025-07-02,,IA,4-7 years,631,33129,36,3.7,,585,602,Pending,0.9540412044374009
,2025-11-08,Valerie Rhodes,CO,10+ years,114993,24038,36,,Home Improvement,769,23672,Approved,0.20585600862661205
LN-3159,,David Rodriguez,FL,< 1 year,89833,41266,24,26.95,Business,694,4189,Pending,
LN-3253,2025-07-08,Nathan Hess,NE,1-3 years,144072,24081,12,24.56,Home Improvement,919,6565,Approved,0.0455674940307624
LN-1807,2025-11-04,Daniel Vazquez,WI,10+ years,127177,,999,6.7,Home Improvement,866,48444,Approved,0.3809179332740983
LN-2838,2025-09-05,Karen Sosa,DE,10+ years,53233,,,9.51,,509,,,0.1255048560103695
,2025-02-02,Deanna David,AS,10+ years,70595,2753,60,20.49,Home Improvement,512,48294,Approved,0.6840994404702883
LN-4787 ,2025-03-25,Rebecca Brown,ID,< 1 year,0,39013,36,31.98,Car,683,26081,Pending,inf
LN-6307,2025-06-06,Kyle Gonzales,MS,Unemployed,,,360,25.72,Business,542,3444,,0.04415328008615274
LN-8552,2025-03-10,Dr. Jeffery Miller,AS,Unemployed,79569,21351,,29.78,Debt Consolidation,721,11246,Approved,0.1413364501250487
LN-3369,,David Reese,AK,,8516,27255,12,5.73,Education,311,16883,Pending,1.9825035227806482
LN-5254,,Jamie Burke,ID,,80539,26141,,7.7,Car,849,39417,Approved,0.48941506599287304
LN-9531,2025-01-28,Valerie Sanders,VT,Unemployed,6302,35283,360,19.87,Debt Consolidation,611,41080,Rejected,6.518565534750873
LN-7208 ,2025-07-29,Keith Griffin,MP,,34452,41761,360,25.26,Car,665,27767,Approved,0.8059619180308836
LN-6062 ,2025-09-20,Norman Henry,GU,< 1 year,122155,TBD,36,12.34,Home Improvement,538,31319,Pending,0.2563873766935451
LN-3947,2025-11-12,Adrienne Joyce,VI,10+ years,29591,12591,60,6.09,Education,697,20980,Rejected,0.7089993579128789
LN-4387,2025-02-10,David Edwards,IA,4-7 years,,,24,-5.0,Education,503,4211,Pending,
LN-1755,2025-04-14,Kevin Bradley,IN,10+ years,110999,36116,36,,Debt Consolidation,459,42781,,0.38541788664762744
,2025-08-21,Brandy Stewart,OK,Unemployed,88686,42545,36,9.11,Education,419,,Pending,
LN-2939 ,2025-10-15,Samantha Elliott,FL,,47101,,999,23.62,Home Improvement,475,473,Approved,0.010042249633765737
,2025-04-13,Justin Maxwell,KY,Unemployed,12565,14124,999,13.59,Car,752,32241,Rejected,2.5659371269399123
LN-1651,2025-10-24,Dean Jones,MT,10+ years,0,15278,12,5.57,,850,42894,Rejected,inf
LN-6434,2025-06-18,Kathleen Mora,NJ,10+ years,128014,23619,36,6.63,,650,6377,Approved,0.04981486399925008
LN-2300,2025-05-16,Charles Fields,,1-3 years,67651,44691,60,14.26,Home Improvement,504,42080,Pending,0.622015934723803
LN-2749,2025-06-14,,AL,10+ years,,5341,36,17.82,Car,433,31845,Approved,0.26880903542758744
LN-4893,2025-08-13,Laurie Dickerson,,10+ years,111909,36285,60,12.36,Education,949,49045,Rejected,0.4382578702338507
LN-9470,2025-11-30,Tracy Lloyd,HI,10+ years,-1744,37512,24,7.65,Home Improvement,818,39791,Pending,
LN-6257,2025-08-22,Cassandra Serrano,CO,< 1 year,,27347,12,22.61,Home Improvement,909,30387,Approved,1.730072876337964
LN-4783,2025-08-14,Heather Davis,MS,1-3 years,114273,14461,999,,Car,888,24299,Approved,0.21263990618956358
LN-6536,2025-08-18,Ashley Curtis,WY,10+ years,78084,45334,24,5.16,Home Improvement,506,25708,Rejected,0.329235182623841
LN-1368,2025-03-04,Amy Hughes,LA,< 1 year,103578,4115,60,6.52,Education,737,43957,Pending,0.4243854872656356
LN-1826 ,2025-07-08,,IN,10+ years,-4359,36885,60,8.0,Education,372,37448,Pending,-8.590961229639825
LN-1612 ,2025-11-11,Marie Clark,DC,< 1 year,46305,2337,,18.39,Home Improvement,819,9673,Pending,0.2088975272648742
LN-4666,2025-02-16,Patricia Anderson,UT,10+ years,129355,31309,24,31.3,Business,451,13596,Approved,0.10510610335897337
LN-7237,2025-07-19,,FL,4-7 years,0,,24,18.02,Debt Consolidation,442,,Approved,inf
,2025-06-01,Blake Rhodes,AR,< 1 year,,23192,36,28.8,Car,521,,Approved,0.3360121003936869
LN-9230,2025-09-08,Michelle Arias,NC,1-3 years,,2917,360,21.86,Debt Consolidation,,43586,Rejected,
LN-7779,2025-09-28,Yvonne Johns,GU,,111355,33630,24,12.3,Home Improvement,367,25907,Rejected,0.23265232813973327
LN-4804,2025-10-25,Tammy Mckee,PW,10+ years,51666,40439,999,4.15,Car,,22056,Pending,0.4268958309139473
LN-1408,2025-08-08,Crystal Williams,CO,10+ years,17905,21743,36,21.12,Car,468,3691,Rejected,
LN-8629,2025-06-04,Taylor Foster,NH,,12491,35912,999,18.52,,359,32018,Rejected,2.563285565607237
,2025-05-13,Ellen Brewer,MN,1-3 years,126452,,24,12.73,Education,496,19069,Approved,0.15080030367253977
LN-9603,2025-10-16,Carol Hughes,NJ,4-7 years,46157,28687,36,4.08,Home Improvement,477,23738,Approved,0.5142881903069957
LN-1475,2025-01-17,Jessica Ruiz,,< 1 year,53856,30702,360,12.47,Debt Consolidation,615,28420,Rejected,0.5277035056446822
LN-7767,2025-04-08,Mrs. Megan Hamilton,MS,Unemployed,39879,5478,,31.52,Education,,39446,Pending,0.9891421550189323
LN-9530,2025-03-01,Susan Dillon,IL,,59967,39625,60,25.62,Debt Consolidation,702,1089,Rejected,0.018159987993396368
LN-4425,2025-01-09,Michelle Nelson,,,44561,18148,60,26.07,Business,677,30186,Approved,0.6774084962186665
,2025-05-23,Ruben Bass,KY,,105868,32183,360,28.32,Car,544,42855,,
,2025-05-08,Rebecca Horton MD,NM,4-7 years,104973,43339,60,19.97,Home Improvement,382,42771,Approved,0.4074476293904147
LN-9153,2025-05-17,Christopher Hansen,AZ,,,48526,360,24.11,Business,615,39366,Pending,0.28847802668894407
LN-4351 ,,Natasha Swanson,VA,1-3 years,72374,,36,18.58,Education,,18315,Pending,0.25306049133666786
,,,MS,10+ years,44375,7527,360,25.68,Car,634,37541,Rejected,0.845994366197183
,2025-09-16,David Patterson,NE,< 1 year,83051,,999,18.3,Home Improvement,756,3751,Approved,0.04516501908465882
LN-5025 ,2025-10-23,,AL,< 1 year,34051,12852,360,28.37,Car,943,21333,Approved,0.6265014243340871
LN-2436,2025-06-01,Adam Thompson,VI,10+ years,131215,36823,60,11.73,Car,720,14346,Rejected,
